Fund Name,P1,P2,P3,P4,P5,Distance from Ideal Best,Distance from Ideal Worst,TOPSIS Score,Rank
M1,0.32223064670689344,0.2859605853554224,0.8843162207452228,0.5374876584076183,0.2873932889142682,40.9749877666385,65.13080282282858,0.6138289198072663,6
M2,0.33105888360297275,0.3021470335830878,0.6908720474572052,0.6386278091832454,0.3235095578419971,40.895821067539224,65.03234726584036,0.6139287433080978,5
M3,0.32223064670689344,0.2859605853554224,0.4421581103726114,0.6429623870736293,0.313519951542838,40.93263020415094,65.03983801659767,0.6137427872408785,7
M4,0.33105888360297275,0.3021470335830878,0.6908720474572052,0.9304893871357692,0.4528621522285438,40.58002171471604,64.7239667512217,0.614639271447517,1
M5,0.339887120499052,0.3183334818107532,0.525062756067476,0.5389325177044129,0.2720246638386389,41.030256189535066,65.14535798930422,0.6135623372008489,8
M6,0.4193412525637655,0.4855934468299626,0.8981336616943668,0.7065361961325949,0.3665417080537592,40.78434719841578,64.95000060632094,0.6142753225873805,3
M7,0.33105888360297275,0.3021470335830878,0.5665150789149083,0.9362688243229478,0.4495322834621575,40.594260383657556,64.72372738857462,0.6145552982701354,2
M8,0.41492713411572585,0.47480248134485226,0.8152290159995023,0.5981717488729944,0.31454452654787995,40.914992266498814,65.06816897397317,0.6139481801862452,4
